"","T_MAPCODE","deg80","nat","notnat","prcdeg_step","prplost","D3_step","ext_step"
"1","AT15",0.008,14.5884,0,0,0,"LC",1
"2","AT16",0,53.7772,0,0,0,"LC",1
"3","AT17",19.4372,708.8952,0.89,3,0.0012204781421964,"LC",1
"4","AT18",192.2788,981.3904,2.0848,16,0.00177316003177535,"LC",1
"5","AT19",201.6464,875.2528,1.0608,19,0.000984081041968162,"LC",1
"6","AT20",0,35.5112,0,0,0,"LC",1
"7","AT21",0.0352,386.2748,0.0016,0,4.14173428910755e-06,"LC",1
"8","AT22",9.6624,204.9144,0.8572,5,0.00397894482765023,"LC",1
"9","AT23",0.2296,310.942,0.0056,0,1.79961770978079e-05,"LC",1
"10","AT24",1.5504,2974.5248,0.008,0,2.68809689191485e-06,"LC",1
"11","AT25",3.3736,2125.6136,0.0352,0,1.65334098880312e-05,"LC",1
"12","AT26",4e-04,40.4328,0,0,0,"LC",1
"13","AT27",412.686,825.7476,1.4436,33,0.00116430885252185,"LC",0.99999387036071
"14","AT28",195.9712,831.1128,3.4152,19,0.00331412193236055,"LC",1
"15","AT29",334.8324,448.1488,1.64,43,0.00209018058650467,"LC",1
"16","AT30",79.7424,593.3752,0.8988,12,0.00133349871012041,"LC",1
"17","AT31",3.6544,237.0164,0.1636,2,0.000679304949791226,"LC",1
"18","AT32",1347.9576,2234.9952,13.2644,38,0.00368843127717647,"LC",1
"19","AT33",121.484,369.9112,0.474,25,0.000963670829562005,"LC",1
"20","AT34",43.5048,123.2856,0.73,26,0.00435767822903957,"LC",1
"21","AT35",0.0032,30.1432,0,0,0,"LC",1
"22","AT36",0.3348,51.0212,0.062,1,0.00120580341514645,"LC",0.999976661869384
"23","AT37",1.6744,174.662,0.3432,1,0.00194249930382455,"LC",1
"24","AT38",0.3012,1290.4688,0.0084,0,6.50770108951312e-06,"LC",1
"25","AT39",0.1764,245.6732,0.002,0,8.13498874931056e-06,"LC",1
"26","AT40",0,596.2736,0,0,0,"LC",0.999979875010398
"27","AT41",1.9592,305.562,0.0032,1,1.04056783786913e-05,"LC",0.999849117663509
"28","AT42",0.0592,59.7772,0.0112,0,0.000187142007365375,"LC",1
"29","AT43",8e-04,286.184,0,0,0,"LC",1
"30","AT44",0.0484,163.3936,0.002,0,1.22366070336017e-05,"LC",1
"31","AT45",0.1568,696.8768,0.0048,0,6.88627771439852e-06,"LC",1
"32","AT46",0.2792,571.6384,0.0108,0,1.88834826177543e-05,"LC",1
"33","AT47",21.0172,889.3772,0.1524,2,0.00016737195715805,"LC",1
"34","AT48",0,20.3556,0,0,0,"LC",1
"35","AT49",3969.7036,1650.4008,26.8208,71,0.00474962905476418,"EN",1
"36","AT50",27.1224,549.74,0.6992,5,0.001210606799344,"LC",1
"37","AT51",398.1668,1558.0424,7.1716,20,0.00365267909312345,"LC",1
"38","AT52",0,43.5984,0,0,0,"LC",1
"39","AT53",0,27.11,0,0,0,"LC",1
"40","AT54",0,187.7452,0,0,0,"LC",1
"41","AT55",0,760.3896,0,0,0,"LC",1
"42","AT56",0.0044,697.1492,4.4568,0,0.00635224335329123,"LC",0.982490567414622
"43","AT57",2.7276,134.134,0.1676,2,0.00122309697495132,"LC",0.999859883878764
"44","AT58",2.0244,2250.266,0.0052,0,2.3087555647669e-06,"LC",1
"45","AZa1",0,18.2292,0.5012,0,0.0267586383633024,"LC",0
"46","AZa2",2.3104,178.3844,170.1596,1,0.484986364714252,"LC",0.266071624012696
"47","AZa3",0,530.6584,340.1524,0,0.390615734210003,"LC",0
"48","AZa4",0,1248.0948,539.2068,0,0.301687639064386,"LC",0
"49","AZa5",0,2108.3116,1126.8672,0,0.34831682255089,"LC",0
"50","AZa6",2.95,650.4644,0.0424,0,6.48856971111174e-05,"LC",1
"51","AZa7",0,858.7452,427.4948,0,0.332360057221047,"LC",0
"52","AZd1",0,0.3296,6.1072,0,0.948794432015909,"LC",0
"53","AZd2",0,9.5772,3.6472,0,0.275793230694776,"LC",0
"54","AZd3",0.316,218.2892,1.6776,0,0.00761566495432235,"LC",0.746718309373224
"55","AZd4",0,26.5256,1.5488,0,0.0551676972615621,"LC",0.0369304419684837
"56","AZi1",0,1200.004,163.8396,0,0.120130783324422,"LC",0
"57","AZi3",0,1914.9552,21.5604,0,0.0111336051204545,"LC",0
"58","AZi5",0,4814.3428,362.732,0,0.0700650490891111,"LC",0
"59","AZi6",220.9216,4850.3016,231.6284,4,0.043679970225831,"LC",0.422743793169698
"60","AZi7",0,1983.6664,146.4948,0,0.0687716967147838,"LC",0
"61","AZi8",0.062,375.222,31.9804,0,0.0785249091253741,"LC",0.866686113492856
"62","AZs3",0,12.0184,0.958,0,0.0738263308775932,"LC",0
"63","CB1",0,833.3484,1522.3528,0,0.646241891798501,"LC",0
"64","CB2",0,401.0084,721.1348,0,0.642640618416616,"LC",0
"65","CB3",0,672.9452,3468.8424,0,0.837523005766882,"LC",0
"66","CB4",0,641.22,658.6616,0,0.506708918719982,"LC",0
"67","CB5",0,915.172,735.2384,0,0.445488225231736,"LC",0.0180406037189295
"68","CB6",0,411.2684,709.9328,0,0.633189475715866,"LC",0
"69","Dg1",0,332.9224,3.002,0,0.00893653452979301,"LC",0
"70","Dg10",0,2084.3664,10.3504,0,0.00494119300518333,"LC",0
"71","Dg2",0,361.4112,0.0368,0,0.000101812708882052,"LC",0
"72","Dg3",0,156.4612,3.5964,0,0.0224694110120357,"LC",0
"73","Dg4",0,107.1836,0.612,0,0.0056774116939838,"LC",0
"74","Dg5",0,591.9436,0.3512,0,0.000592947971179217,"LC",0
"75","Dg6",0,8.1024,0.1164,0,0.0141626514819682,"LC",0
"76","Dg7",0,244.1464,2.8744,0,0.0116362670673887,"LC",0
"77","Dg8",0,342.9296,0.2688,0,0.000783220434594101,"LC",0
"78","Dg9",0,1198.3564,19.6668,0,0.0161464904773571,"LC",0
"79","Dn1",0,1.338,15.754,0,0.921717762695998,"LC",0
"80","Dn2",0,1.0028,0.5396,0,0.349844398340249,"LC",0
"81","Dn3",0,122.5608,17.3428,0,0.123962499892783,"LC",0
"82","Dn4",0,194.9116,22.1276,0,0.101952089760744,"LC",0
"83","Dn5",0,384.3792,33.8996,0,0.0810454653690314,"LC",0
"84","FFa1",0,52.9052,127.1408,0,0.706157315352743,"LC",0
"85","FFa2",0,169.1784,332.466,0,0.662752340103866,"LC",0
"86","FFa3",0,136.9976,340.1984,0,0.712911256590583,"LC",0
"87","FFa4",0,5.1184,30.7304,0,0.85722255696146,"LC",0
"88","FFb1",0,258.1292,20.8796,0,0.0748349156012283,"LC",0
"89","FFb2",0,128.2048,6.3252,0,0.0470170222255259,"LC",0
"90","FFb3",4e-04,97.8496,4e-04,0,4.08787291620678e-06,"LC",0.983117084856066
"91","FFb4",0,61.88,0.0524,0,0.000846083794588939,"LC",0.502909624041697
"92","FFb5",0.0344,108.3504,0,0,0,"LC",1
"93","FFb6",0,78.042,0,0,0,"LC",1
"94","FFc1",0.0648,709.8196,159.2716,0,0.183248576780233,"LC",0.638226969611899
"95","FFd1",0,1106.754,194.1996,0,0.149274808878656,"LC",0
"96","FFd10",0,151.6704,0,0,0,"LC",1
"97","FFd11",0,76.6156,0,0,0,"LC",1
"98","FFd2",0,757.1752,1298.5,0,0.631665936330798,"LC",0
"99","FFd3",0,638.3664,371.268,0,0.367725188444451,"LC",0
"100","FFd4",0,330.818,358.2216,0,0.519885359273981,"LC",0
"101","FFd5",0,88.8448,468.0972,0,0.840477464439744,"LC",0
"102","FFd6",0,51.386,37.2036,0,0.41995448675691,"LC",0
"103","FFd7",0,119.6108,127.8104,0,0.516570124144576,"LC",0
"104","FFd8",0,43.4956,54.1948,0,0.554760754383235,"LC",0
"105","FFd9",0.0024,462.878,54.3532,0,0.105084433803218,"LC",0.797260657466955
"106","FFf1",0,233.478,460.532,0,0.663581216408985,"LC",0
"107","FFf2",0,19.4136,21.1532,0,0.521441178500646,"LC",0
"108","FFg1",0,63.9948,0.7924,0,0.0122308110243999,"LC",0
"109","FFg2",0,279.7648,244.2276,0,0.466089966190349,"LC",0
"110","FFg3",0,31.2996,60.5148,0,0.659099226265161,"LC",0
"111","FFg4",0,14.1084,2.8308,0,0.167115330121848,"LC",0
"112","FFg5",0,498.1968,0,0,0,"LC",0.999992773939937
"113","FFh1",0,198.8644,229.1308,0,0.53535834046737,"LC",0
"114","FFh10",0.432,282.724,0,0,0,"LC",1
"115","FFh11",0,5.3636,7.2584,0,0.575059420060212,"LC",0
"116","FFh2",0,101.2476,5.2752,0,0.0495217925176582,"LC",0
"117","FFh3",0.002,75.1136,0,0,0,"LC",1
"118","FFh4",0,203.2052,113.6664,0,0.358714381471864,"LC",0
"119","FFh5",0,35.7336,48.2708,0,0.574622281690007,"LC",0
"120","FFh6",0,67.0852,212.3816,0,0.759952881701869,"LC",0
"121","FFh7",0,147.9472,118.6636,0,0.445081744625499,"LC",0
"122","FFh8",0,146.6324,40.104,0,0.214762627961126,"LC",0.0346948961209491
"123","FFh9",0.6452,557.8028,5.1872,0,0.0092031157741745,"LC",0.955019132942726
"124","FFl1",0,257.546,29.424,0,0.102533365857058,"LC",0
"125","FFl2",0,661.6284,32.6952,0,0.0470892822885467,"LC",0
"126","FFl3",0.018,787.62,4.0772,0,0.00514983165663612,"LC",0.904186252834352
"127","FFq1",0,49.04,0,0,0,"LC",0
"128","FFq2",0,1617.3732,28.8256,0,0.0175104003234603,"LC",0
"129","FFq3",0.1028,1250.6504,17.4532,0,0.0137621131702221,"LC",0.166664984500946
"130","FFq4",0,91.2848,6.5452,0,0.0669038127363794,"LC",0
"131","FFq5",2.3884,386.5004,0.0012,1,3.08570546941294e-06,"LC",1
"132","FFq6",2.238,681.0752,0.0048,0,7.02454786790338e-06,"LC",1
"133","FFs1",0,800.538,213.6148,0,0.21063374276539,"LC",0
"134","FFs10",0,1008.6312,42.0128,0,0.0399876647085026,"LC",0
"135","FFs11",0,763.5124,150.7196,0,0.164859247980819,"LC",0
"136","FFs12",0,1050.3776,129.0648,0,0.109428658830647,"LC",0
"137","FFs13",0,520.8264,10.6664,0,0.020068757281378,"LC",0
"138","FFs14",0,332.8404,26.0676,0,0.0726303119462369,"LC",0
"139","FFs15",0.316,974.2064,19.068,0,0.019191006676393,"LC",0.34479197866646
"140","FFs16",0,1200.4056,14.8692,0,0.0122352574084479,"LC",0.293411827514238
"141","FFs17",0,100.3284,7.1444,0,0.0664763549474844,"LC",0
"142","FFs18",0,878.8032,0,0,0,"LC",1
"143","FFs19",0,1571.1212,0,0,0,"LC",0.999999745404747
"144","FFs2",0,937.5512,405.6872,0,0.302021740891267,"LC",0
"145","FFs20",0,2298.4684,0.0048,0,2.08834281818035e-06,"LC",0.999987469943091
"146","FFs21",0.06,318.2712,0,0,0,"LC",1
"147","FFs22",4e-04,388.3032,0,0,0,"LC",1
"148","FFs23",0.1196,851.7812,0.296,0,0.000347337610279691,"LC",0.828898207550181
"149","FFs24",0.0264,1083.4892,1.2572,0,0.00115895236311235,"LC",0.825993055873082
"150","FFs25",0,332.5988,0,0,0,"LC",1
"151","FFs26",0,304.1768,0,0,0,"LC",1
"152","FFs27",0.1152,2402.8364,0,0,0,"LC",1
"153","FFs28",1.0176,4051.1188,0.0072,0,1.77683732629811e-06,"LC",1
"154","FFs29",0.0024,334.186,0,0,0,"LC",1
"155","FFs3",0,469.3752,28.896,0,0.057992514919586,"LC",0
"156","FFs30",0,37.482,0.0452,0,0.00120445969856531,"LC",0
"157","FFs31",0,50.8104,0,0,0,"LC",1
"158","FFs32",0,354.3096,193.65,0,0.35340196613035,"LC",0
"159","FFs4",0,2232.8188,290.7888,0,0.115227422837053,"LC",0
"160","FFs5",0,1051.2104,84.7752,0,0.0746270023141138,"LC",0
"161","FFs6",0,370.7256,52.1072,0,0.123233580743973,"LC",0
"162","FFs7",0,371.214,22.8752,0,0.0580457419284771,"LC",0
"163","FFs8",0,315.4876,4.2368,0,0.0132514127792561,"LC",0
"164","FFs9",0,203.342,16.0784,0,0.07327668712663,"LC",0
"165","FFt1",0.0144,404.9812,0,0,0,"LC",1
"166","FFt2",0.0728,211.108,0,0,0,"LC",1
"167","FOa1",0,133.4464,43.0916,0,0.244092490002152,"LC",0
"168","FOa2",0,72.7624,27.7852,0,0.276338768901495,"LC",0
"169","FOa3",0,20.57,3.2724,0,0.137251283427843,"LC",0.00145958460557662
"170","FOz1",0,784.4856,3.5352,0,0.00448617599941524,"LC",0.951304838654005
"171","FOz2",0,182.346,31.6968,0,0.148086270596348,"LC",0
"172","FOz3",0.4268,906.7436,154.9668,0,0.145900925040569,"LC",0.399221494172316
"173","FOz4",0,288.6796,100.5524,0,0.258335388662803,"LC",0
"174","FOz5",0,947.8876,81.6472,0,0.0793049443301965,"LC",0.0303791576545057
"175","FOz6",0,184.6672,0.5672,0,0.00306206622527997,"LC",0.949838690869514
"176","FOz7",0,515.2152,165.236,0,0.242832990815506,"LC",0
"177","FOz8",0,244.1512,21.2672,0,0.0801270748373135,"LC",0
"178","FOz9",0,81.2324,0.4108,0,0.00503164991083152,"LC",0
"179","FRa1",0,174.562,323.0788,0,0.649220883818208,"LC",0
"180","FRa2",0,36.6052,26.472,0,0.419676206299582,"LC",0
"181","FRc1",0,12.826,88.2112,0,0.873056656360232,"LC",0
"182","FRc2",0,104.8152,104.9896,0,0.50041562442804,"LC",0.390019675431639
"183","FRd1",0,197.2368,22.2924,0,0.101546400205531,"LC",0
"184","FRd2",0,565.3604,13.5596,0,0.0234222345056312,"LC",0
"185","FRg1",0,252.8504,52.6752,0,0.172408465935424,"LC",0
"186","FRg2",0,154.0544,797.232,0,0.838056761875288,"LC",0
"187","FRg3",0,18.8252,0.3464,0,0.0180683928310626,"LC",0
"188","FRl1",0.0184,501.666,0,0,0,"LC",1
"189","FRs1",0,196.0692,11.2412,0,0.0542240041985351,"LC",0
"190","FRs10",0,2.528,22.7524,0,0.900001582253445,"LC",0
"191","FRs11",0,153.2528,1040.412,0,0.871611527792392,"LC",0
"192","FRs12",0,195.594,1831.9028,0,0.903529317530859,"LC",0
"193","FRs13",0,829.7608,1932.7324,0,0.699633360183475,"LC",0.188596156544385
"194","FRs14",0.3588,866.1508,0.012,0,1.3848471867291e-05,"LC",1
"195","FRs15",0.0512,276.3408,0,0,0,"LC",1
"196","FRs16",0.1036,1347.6672,0,0,0,"LC",1
"197","FRs17",0,207.16,0,0,0,"LC",1
"198","FRs18",0.1156,118.606,0,0,0,"LC",1
"199","FRs19",0.2384,372.9508,0.0024,0,6.43101291668944e-06,"LC",1
"200","FRs2",0,104.3336,114.4816,0,0.523188517068284,"LC",0
"201","FRs20",0,11.4056,35.568,0,0.75719127339612,"LC",0
"202","FRs3",0,3148.3892,69.0672,0,0.021466398114983,"LC",0
"203","FRs4",0,211.3236,280.428,0,0.570263523291027,"LC",0
"204","FRs5",0,1199.0472,37.4068,0,0.0302532888405068,"LC",0
"205","FRs6",0.036,1817.2124,278.5952,0,0.132927476076936,"LC",0.115182449682791
"206","FRs7",0.0184,1395.2012,212.7256,0,0.13229654841471,"LC",0.26164200123238
"207","FRs8",0,616.4332,433.3724,0,0.412812048249695,"LC",0
"208","FRs9",0,485.7452,4478.0244,0,0.902141872177145,"LC",0
"209","FS1",0,235.7652,118.5092,0,0.334512457010724,"LC",0
"210","FS10",0,307.318,15.5592,0,0.0481892186874762,"LC",0.159943161053181
"211","FS11",0,39.4448,0.152,0,0.00383869403588169,"LC",0
"212","FS12",0.4936,118.5752,4e-04,0,3.35939100959778e-06,"LC",1
"213","FS13",0.6688,40.8996,0.0864,2,0.00207419072951977,"LC",0.999865561711976
"214","FS14",2.6176,94.278,0.0624,3,0.000643577631551806,"LC",0.999971121516533
"215","FS2",0,78.3992,220.4612,0,0.737672839894479,"LC",0
"216","FS3",0,580.7604,1062.5928,0,0.646600377812877,"LC",0
"217","FS4",0,49.5512,11.9968,0,0.1949177877429,"LC",0
"218","FS5",0,292.9956,51.3368,0,0.149090820381701,"LC",0
"219","FS6",0,183.3724,215.5592,0,0.54034125148271,"LC",0
"220","FS7",0,37.5364,9.2584,0,0.197851043278313,"LC",0
"221","FS9",0,28.0088,0.0016,0,5.71216405335161e-05,"LC",0.99902893211093
"222","Gd1",1.1656,4992.9452,32.8252,0,0.0065298623256791,"LC",0.892156096675987
"223","Gd10",0,2752.7292,78.068,0,0.0275780970816277,"LC",0
"224","Gd2",0,157.808,0.526,0,0.00332209127540516,"LC",0.864279308297649
"225","Gd3",0,2409.2996,556.96,0,0.187765089744674,"LC",0
"226","Gd4",0,5993.6724,653.3584,0,0.09829327103464,"LC",0
"227","Gd5",0,1116.3004,121.334,0,0.0980370293521253,"LC",0
"228","Gd6",0,21.5628,0.0676,0,0.0031252311561506,"LC",0
"229","Gd7",0,1345.8784,1.0164,0,0.000754624637351039,"LC",0
"230","Gd8",0,17292.7212,2876.6012,0,0.142622599954077,"LC",0
"231","Gd9",0,1856.2032,352.1276,0,0.159454190468203,"LC",0
"232","Gh1",1.1692,8179.1324,190.3536,0,0.0227405854681483,"LC",0.43957572162332
"233","Gh10",0,5809.954,20155.6552,0,0.776244263893489,"LC",0
"234","Gh11",0,416.8372,506.7248,0,0.548663543974308,"LC",0
"235","Gh12",0,221.04,108.4452,0,0.329135269201773,"LC",0
"236","Gh13",0,2123.9628,1642.2648,0,0.436050333229994,"LC",0
"237","Gh14",0,3675.9588,5511.4976,0,0.599893742080779,"LC",0
"238","Gh15",0,5468.7564,3129.6692,0,0.363981657293168,"LC",0
"239","Gh2",0,5659.9492,1503.2332,0,0.209855496629543,"LC",0
"240","Gh3",0,12356.7924,1035.6428,0,0.0773304320337499,"LC",0
"241","Gh4",0,9249.8548,428.0028,0,0.0442249532582501,"LC",0
"242","Gh5",0,2576.92,2372.7276,0,0.479373036577392,"LC",0
"243","Gh6",0,10489.7152,5523.2416,0,0.344923281126943,"LC",0
"244","Gh7",0,1286.362,285.6308,0,0.181699814401186,"LC",0
"245","Gh8",0,66.1852,14.2856,0,0.177525263822405,"LC",0
"246","Gh9",0,5307.7256,1766.6296,0,0.249723056032018,"LC",0
"247","Gm1",0,2813.0948,1455.0672,0,0.340911896033937,"LC",0
"248","Gm10",0,182.9128,910.2552,0,0.832676404724617,"LC",0
"249","Gm11",0,4208.6412,6300.3572,0,0.599520235915156,"LC",0
"250","Gm12",0,3707.5428,9064.8236,0,0.709721543847975,"LC",0
"251","Gm13",0,2126.4012,1800.66,0,0.458526085613333,"LC",0
"252","Gm14",0,2950.2448,800.25,0,0.213371846296121,"LC",0
"253","Gm15",0,1967.0712,2249.7104,0,0.533513616166415,"LC",0
"254","Gm16",0,5328.7156,4325.5816,0,0.448047279920075,"LC",0
"255","Gm17",0,805.2424,486.0952,0,0.376427666940078,"LC",0
"256","Gm19",0,846.91,533.9544,0,0.386681270079814,"LC",0
"257","Gm2",0,2818.7636,918.0992,0,0.245687157687459,"LC",0
"258","Gm20",0,18.384,1.9544,0,0.0960940880305235,"LC",0
"259","Gm21",0,1192.5932,358.4616,0,0.231108275478081,"LC",0
"260","Gm22",0,352.0896,587.1232,0,0.625122655909289,"LC",0
"261","Gm23",0,759.598,614.2972,0,0.447120857544302,"LC",0
"262","Gm24",0,9.348,0.6604,0,0.0659845729587147,"LC",0
"263","Gm25",0,103.7604,326.8628,0,0.759045959437392,"LC",0
"264","Gm26",0,242.3812,18.2572,0,0.0700480052056796,"LC",0
"265","Gm27",0,261.1268,6.9264,0,0.0258396467566886,"LC",0
"266","Gm28",0,91.4932,2.3596,0,0.0251414981758669,"LC",0
"267","Gm29",0,502.8044,20.4824,0,0.0391418243303672,"LC",0
"268","Gm3",0,6008.4044,9055.468,0,0.60113812435108,"LC",0
"269","Gm30",0,2611.1972,1247.5116,0,0.323297679265147,"LC",0
"270","Gm31",0,536.0492,512.1228,0,0.488586606015043,"LC",0
"271","Gm4",0,7447.8628,6806.768,0,0.477512753259102,"LC",0
"272","Gm5",0,2462.5512,1007.1788,0,0.29027584278892,"LC",0
"273","Gm6",0,5465.106,4426.4844,0,0.447499767074868,"LC",0
"274","Gm7",0,27.5856,2.444,0,0.0813863654527533,"LC",0
"275","Gm8",0,5504.5348,8988.3612,0,0.620190830045286,"LC",0
"276","Gm9",0,435.894,877.3836,0,0.668086929983425,"LC",0
"277","Gs1",0,281.5092,257.7312,0,0.477952319596232,"LC",0
"278","Gs10",0,7667.4836,3277.2208,0,0.29943438216568,"LC",0.0243190487629798
"279","Gs11",0,1020.964,1321.208,0,0.564095207354541,"LC",0
"280","Gs12",0,4697.2748,4030.8136,0,0.461820895397897,"LC",0
"281","Gs13",0,148.3528,344.6148,0,0.699061763896856,"LC",0
"282","Gs14",0,2338.7072,2942.9928,0,0.557205596682886,"LC",0.0682574171194881
"283","Gs15",0,3960.1832,2177.1008,0,0.354733592253512,"LC",0.166598058685243
"284","Gs16",0,2980.112,626.1892,0,0.173637520903689,"LC",0
"285","Gs17",0.4128,4184.9144,56.842,0,0.0133992769548183,"LC",0.178005818344068
"286","Gs18",1.768,1432.1616,0.0172,0,1.19948661972676e-05,"LC",1
"287","Gs19",0,1333.9312,1690.3196,0,0.558921766673584,"LC",0
"288","Gs2",0,1242.7488,302.734,0,0.195883124677932,"LC",0
"289","Gs20",0,2257.792,4022.7868,0,0.640512113310321,"LC",0
"290","Gs3",0,1563.8548,178.4108,0,0.102401608572195,"LC",0
"291","Gs4",0,4242.9104,3197.5436,0,0.429751141529805,"LC",0
"292","Gs6",0,3303.362,1924.12,0,0.368077785824992,"LC",0
"293","Gs7",0,2366.8372,2286.7416,0,0.491394193217487,"LC",0
"294","Gs8",0,1664.38,1198.1032,0,0.418553792734923,"LC",0
"295","Gs9",0,2019.8776,4952.2484,0,0.710292441645489,"LC",0
"296","NKb1",0,4637.4612,33.6816,0,0.0072105695419973,"LC",0
"297","NKb2",0,601.3572,6.082,0,0.010012524710292,"LC",0
"298","NKb3",0,40920.3304,333.1364,0,0.0080753552571732,"LC",0
"299","NKb4",0,2670.1444,6.884,0,0.00257150801986262,"LC",0
"300","NKb5",0,8543.3824,95.4592,0,0.011050000037042,"LC",0
"301","NKb6",0,40910.1948,340.468,0,0.00825363707852956,"LC",0
"302","NKl1",4e-04,20086.4292,119.62,0,0.00592000922337635,"LC",0.123485691136777
"303","NKl2",6.2092,8276.562,38.6752,0,0.00464765356176542,"LC",0.678150663807677
"304","NKl4",1.9856,740.7624,0.008,0,1.07706972410859e-05,"LC",1
"305","NKu1",0,16965.3352,184.1892,0,0.0107401928883812,"LC",0
"306","NKu2",0.0932,11708.3264,25.8784,0,0.00220536413852793,"LC",0.042226164701118
"307","NKu3",0,40004.702,2268.9464,0,0.0536728313234492,"LC",0
"308","NKu4",4.3232,48220.664,1609.376,0,0.032294503163231,"LC",0.0383380277647453
"309","SKk1",0,1666.8312,6.924,0,0.00413680566907275,"LC",0
"310","SKk2",0,129.1176,0.7656,0,0.00589452677482538,"LC",0
"311","SKk3",0,1298.7536,22.1316,0,0.0167551275462849,"LC",0
"312","SKk4",0,979.3184,4.2068,0,0.00427726712035442,"LC",0
"313","SKk5",0,829.0612,159.5212,0,0.161363584866573,"LC",0
"314","SKk6",0,57.0744,2.7696,0,0.0462803288550231,"LC",0
"315","SKk7",0,130.8808,54.3164,0,0.293289531375204,"LC",0
"316","SKk8",0,0.628,2.2292,0,0.780204395912082,"LC",0
"317","SKk9",0,140.242,2.5472,0,0.0178388841733128,"LC",0
"318","SKn1",0,7341.7732,240.4844,0,0.0317167277461003,"LC",0
"319","SKn2",0,534.1996,5.1372,0,0.00952503148311037,"LC",0
"320","SKn3",0,2891.1736,216.8212,0,0.0697624075818917,"LC",0
"321","SKn4",0,4581.4516,459.1436,0,0.0910891634384765,"LC",0
"322","SKn5",0,650.5372,2.8068,0,0.00429605230935005,"LC",0
"323","SKn6",0,391.4196,5.3704,0,0.0135346152876837,"LC",0
"324","SKn7",0,907.7124,89.412,0,0.0896698546339855,"LC",0
"325","SKr1",0,1199.6944,0.6692,0,0.000557497744849977,"LC",0
"326","SKr10",0,127.1448,0.4268,0,0.00334557221199703,"LC",0
"327","SKr11",0,128.1284,1.148,0,0.00888019777778466,"LC",0
"328","SKr12",0,611.8832,0.2532,0,0.000413633301336107,"LC",0
"329","SKr13",0,721.824,0.8436,0,0.0011673416657949,"LC",0
"330","SKr14",0,365.2156,0.35,0,0.000957420501272548,"LC",0
"331","SKr15",0,200.2984,41.4816,0,0.171567540739515,"LC",0
"332","SKr16",0,432.3524,0.5096,0,0.00117728051896447,"LC",0
"333","SKr17",0,259.6644,1.0772,0,0.00413129320369285,"LC",0
"334","SKr18",0,812.3356,5.456,0,0.00667162636544567,"LC",0
"335","SKr19",0,367.7724,4.258,0,0.0114453012441994,"LC",0
"336","SKr2",0,191.3292,0.78,0,0.00406019076650155,"LC",0
"337","SKr3",0,170.7372,0.0368,0,0.000215489477320904,"LC",0
"338","SKr4",0,827.1728,9.0688,0,0.0108447128198358,"LC",0
"339","SKr5",0,18.3648,0,0,0,"LC",0
"340","SKr6",0,65.816,0.0496,0,0.000753048632366516,"LC",0
"341","SKr7",0,326.5408,0.5948,0,0.00181820627287278,"LC",0
"342","SKr8",0,50.506,0.0472,0,0.000933669876486553,"LC",0
"343","SKr9",0,3.2648,0,0,0,"LC",0
"344","SKs1",0,311.0264,197.0584,0,0.38784549350817,"LC",0
"345","SKs10",0,133.974,2.4276,0,0.0177974451912588,"LC",0
"346","SKs11",0,286.7176,0.294,0,0.00102434884164961,"LC",0
"347","SKs12",0,423.5296,46.386,0,0.0987113430582002,"LC",0
"348","SKs13",0,108.262,92.8492,0,0.461680900914519,"LC",0
"349","SKs14",0,644.0752,194.8936,0,0.232301368060409,"LC",0
"350","SKs2",0,524.7896,11.2656,0,0.0210157461395767,"LC",0
"351","SKs3",0,302.592,28.798,0,0.086900630676846,"LC",0
"352","SKs4",0,441.4456,7.6212,0,0.0169711944859874,"LC",0
"353","SKs5",0,565.6916,0.4152,0,0.000733430511698499,"LC",0
"354","SKs6",0,122.776,0.5108,0,0.00414318483406172,"LC",0
"355","SKs7",0,2539.8468,611.8636,0,0.194136999389284,"LC",0
"356","SKs8",0,727.32,140.742,0,0.1621335803203,"LC",0
"357","SKs9",0,884.7328,32.7064,0,0.0356496648497252,"LC",0
"358","SKt1",0,101.3124,0.4488,0,0.00441032534993691,"LC",0
"359","SKt2",0,7313.084,319.4884,0,0.0418585482399093,"LC",0
"360","SKt3",0,5222.6276,135.3452,0,0.0252605239056085,"LC",0
"361","SKv1",0,447.9144,92.816,0,0.171649309896392,"LC",0
"362","SKv10",0,238.098,2.0808,0,0.00866354565848443,"LC",0.492514743182995
"363","SKv11",0.0652,1578.39,4e-04,0,2.53412259426239e-07,"LC",1
"364","SKv13",0.4668,2554.7232,4e-04,0,1.5654410724148e-07,"LC",1
"365","SKv14",2.7252,790.6116,0.004,0,5.04196935289349e-06,"LC",1
"366","SKv2",0,557.1144,2.258,0,0.00403666680730047,"LC",0
"367","SKv3",0,902.9348,25.6464,0,0.0276189093640922,"LC",0
"368","SKv4",0,1313.6312,4.7448,0,0.00359897328228062,"LC",0
"369","SKv5",0,6923.8508,64.36,0,0.0092097965905665,"LC",0
"370","SKv6",0.0044,4676.1964,38.3316,0,0.00813052000660765,"LC",0.142054469707325
"371","SKv7",0,496.2288,157.16,0,0.240530599851115,"LC",0
"372","SKv8",0,3977.1736,131.7424,0,0.0320625683270235,"LC",0.34529720247384
"373","SVcb1",0,5108.9436,1542.7132,0,0.231929163873879,"LC",0
"374","SVcb10",0,919.9304,522.1844,0,0.36209627693995,"LC",0
"375","SVcb11",0,2493.7164,791.8508,0,0.241008858379156,"LC",0
"376","SVcb12",0,10861.2488,6522.7864,0,0.375217049721574,"LC",0
"377","SVcb13",0,1920.2624,146.088,0,0.0706985610959303,"LC",0
"378","SVcb14",0,441.6112,318.2916,0,0.418858306615004,"LC",0
"379","SVcb15",0,2856.2836,4341.9052,0,0.603194125722293,"LC",0
"380","SVcb16",0,9880.8224,2197.6828,0,0.181949898899741,"LC",0
"381","SVcb17",0,8215.3944,685.7152,0,0.0770370471564579,"LC",0
"382","SVcb18",0,5101.796,1394.628,0,0.214676258815619,"LC",0
"383","SVcb19",0,10665.6488,1356.0116,0,0.112797363665339,"LC",0
"384","SVcb2",0,1075.9036,31.5972,0,0.0285301825515611,"LC",0
"385","SVcb20",0,6219.5264,3891.4252,0,0.384872300249167,"LC",0
"386","SVcb21",0,3044.5048,1103.2668,0,0.265990248836267,"LC",0
"387","SVcb22",0,0.5364,0.0716,0,0.117763157894737,"LC",0
"388","SVcb23",0,2519.5136,1925.7792,0,0.433217627419278,"LC",0
"389","SVcb24",0,596.7008,70.2472,0,0.105326352279338,"LC",0
"390","SVcb25",0,823.9828,67.3712,0,0.07558298947444,"LC",0
"391","SVcb26",0,1747.568,252.4572,0,0.12622700953968,"LC",0
"392","SVcb27",0,1210.3048,1312.5388,0,0.520261660294756,"LC",0
"393","SVcb28",0,1809.7552,506.3612,0,0.21862510882441,"LC",0
"394","SVcb29",0,373.7024,14.4624,0,0.0372584015861304,"LC",0
"395","SVcb3",0,889.2924,442.7264,0,0.332372486033981,"LC",0
"396","SVcb4",0,3661.6536,461.0396,0,0.111829713644469,"LC",0
"397","SVcb5",0,359.834,7.28,0,0.0198303524245875,"LC",0
"398","SVcb6",0,708.8188,1576.2428,0,0.689803198303276,"LC",0
"399","SVcb7",0,360.8224,130.5676,0,0.265710738924276,"LC",0
"400","SVcb8",0,843.5432,989.8052,0,0.539889308546046,"LC",0
"401","SVcb9",0,2593.9332,510.564,0,0.164459481554694,"LC",0
"402","SVk1",0,12001.9712,3429.6384,0,0.22224761310706,"LC",0
"403","SVk10",0,5539.7716,299.2684,0,0.0512530141941141,"LC",0
"404","SVk11",0,13625.0812,272.6028,0,0.0196149804528582,"LC",0
"405","SVk12",0,7252.702,199.9124,0,0.0268244657874692,"LC",0
"406","SVk13",0,8409.2452,108.4368,0,0.0127307875546422,"LC",0
"407","SVk14",0,880.8828,48.3396,0,0.0520215612537967,"LC",0
"408","SVk15",0,1617.2468,3.6288,0,0.00223878994785288,"LC",0
"409","SVk16",0,7905.7792,12.8356,0,0.00162094006643687,"LC",0
"410","SVk17",0,3753.3348,3484.384,0,0.481420195545591,"LC",0
"411","SVk18",0,953.0408,46.5496,0,0.0465686745290871,"LC",0
"412","SVk2",0,3227.4272,979.152,0,0.232766804913598,"LC",0
"413","SVk3",0,576.3168,790.6068,0,0.578384044287479,"LC",0
"414","SVk4",0,12454.8404,4194.9496,0,0.251952102699193,"LC",0
"415","SVk5",0,1418.4072,39.4976,0,0.0270920296030303,"LC",0
"416","SVk6",0,4220.6184,1093.3008,0,0.205742834780025,"LC",0
"417","SVk7",0,13112.5632,247.9828,0,0.018560828277527,"LC",0
"418","SVk8",0,3235.8716,127.682,0,0.0379604475457148,"LC",0
"419","SVk9",0,5504.05,275.4408,0,0.0476583161962988,"LC",0
"420","SVkd1",0,37004.6124,62.1984,0,0.00167800786357374,"LC",0
"421","SVkd2",0,2239.478,2.8644,0,0.00127741418973302,"LC",0
"422","SVkd3",0,2898.114,0.4736,0,0.000163389921353421,"LC",0
"423","SVkd4",0,762.27,0.214,0,0.000280661626998075,"LC",0
"424","SVl1",0,1579.9196,510.7536,0,0.244301022273591,"LC",0
"425","SVl10",0,615.2948,327.4912,0,0.347365361810634,"LC",0
"426","SVl11",0,596.512,34.0904,0,0.0540600543226604,"LC",0
"427","SVl12",0,368.4612,99.934,0,0.21335402241526,"LC",0
"428","SVl13",0,72.8064,36.6952,0,0.335111085134829,"LC",0
"429","SVl14",0,3420.3252,1039.9668,0,0.233161147297083,"LC",0
"430","SVl15",0,1343.9672,2.0748,0,0.00154140806899042,"LC",0
"431","SVl16",0,2251.7884,333.512,0,0.129003190499642,"LC",0
"432","SVl17",0,42.6904,92.0656,0,0.683202232182612,"LC",0
"433","SVl18",0,865.0572,259.382,0,0.230676767583343,"LC",0
"434","SVl19",0,80.752,72.2024,0,0.472051801059662,"LC",0
"435","SVl2",0,183.8788,0.0252,0,0.000137028014616322,"LC",0
"436","SVl20",0,648.3728,996.7232,0,0.60587540180026,"LC",0
"437","SVl21",0,268.67,66.4296,0,0.198238374501193,"LC",0
"438","SVl22",0,3681.6548,1492.0504,0,0.288391074157066,"LC",0
"439","SVl23",0,5704.6264,2860.1024,0,0.333939633908782,"LC",0
"440","SVl24",0,182.1336,512.4832,0,0.737792693755751,"LC",0
"441","SVl25",0,472.8812,187.7768,0,0.284226937386666,"LC",0
"442","SVl26",0,510.2984,193.3,0,0.274730584947322,"LC",0
"443","SVl27",0,426.764,113.1196,0,0.209525905213642,"LC",0
"444","SVl3",0,14881.9284,4957.1948,0,0.249869651497502,"LC",0
"445","SVl4",0,1968.0348,754.0744,0,0.277018423801661,"LC",0
"446","SVl5",0,2975.2992,594.9456,0,0.166640001828446,"LC",0
"447","SVl6",0,757.7248,2.5236,0,0.00331944138257969,"LC",0
"448","SVl7",0,286.2144,37.3036,0,0.115306103524379,"LC",0
"449","SVl8",0,1748.676,1650.8256,0,0.485608125614649,"LC",0
"450","SVl9",0,1115.7764,2446.7356,0,0.686800662004788,"LC",0
"451","SVmp1",0,8133.1276,664.2104,0,0.0755012936867948,"LC",0
"452","SVmp2",0,2718.234,67.4744,0,0.0242216306631376,"LC",0
"453","SVmp3",0,276.862,0.1808,0,0.000652606745239364,"LC",0
"454","SVmp4",0,2800.236,5.1572,0,0.00183831628307932,"LC",0
"455","SVmp5",0,4722.2952,594.7916,0,0.111864188487576,"LC",0
"456","SVmp6",0,2431.404,722.6796,0,0.229125061872171,"LC",0
"457","SVmp7",0,2027.5484,197.984,0,0.0889602865363811,"LC",0
"458","SVmp8",0,310.3108,0.1576,0,0.000507620099179176,"LC",0
"459","SVs1",0,1972.3316,734.1904,0,0.271267109596744,"LC",0
"460","SVs2",0,1631.5884,584.0628,0,0.263607737535583,"LC",0
"461","SVs3",0,1013.9676,519.4752,0,0.338763989109995,"LC",0
"462","SVs4",0,325.8,477.3016,0,0.594322810463832,"LC",0
"463","SVs5",0,250.9584,1561.6736,0,0.861550276062654,"LC",0
"464","SVs6",0,7396.5736,2788.9948,0,0.273818278025603,"LC",0.222857783763938
"465","SVs7",0.3376,6161.1,1600.7564,0,0.206224734913866,"LC",0.623446102996137
"466","SVs8",0.0372,1527.764,0.0012,0,7.8544188698748e-07,"LC",1
